code,color_family,img_link
27,light,https://disenosparabordar.com/wp-content/uploads/2021/11/11727.jpg
BLANC,light,https://disenosparabordar.com/wp-content/uploads/2021/11/117BLANC.jpg
01,light,https://disenosparabordar.com/wp-content/uploads/2021/11/11701.jpg
10,light,https://disenosparabordar.com/wp-content/uploads/2021/11/11710.jpg
02,light,https://disenosparabordar.com/wp-content/uploads/2021/11/11702.jpg
453,light,https://disenosparabordar.com/wp-content/uploads/2021/11/117453.jpg
543,light,https://disenosparabordar.com/wp-content/uploads/2021/11/117543.jpg
613,light,https://disenosparabordar.com/wp-content/uploads/2021/11/117613.jpg
644-e1638244818411,light,https://disenosparabordar.com/wp-content/uploads/2021/11/117644-e1638244818411.jpg
648,light,https://disenosparabordar.com/wp-content/uploads/2021/11/117648.jpg
712,light,https://disenosparabordar.com/wp-content/uploads/2021/11/117712.jpg
738,light,https://disenosparabordar.com/wp-content/uploads/2021/11/117738.jpg
739,light,https://disenosparabordar.com/wp-content/uploads/2021/11/117739.jpg
746,light,https://disenosparabordar.com/wp-content/uploads/2021/11/117746.jpg
762,light,https://disenosparabordar.com/wp-content/uploads/2021/11/117762.jpg
822,light,https://disenosparabordar.com/wp-content/uploads/2021/11/117822.jpg
842,light,https://disenosparabordar.com/wp-content/uploads/2021/11/117842.jpg
945,light,https://disenosparabordar.com/wp-content/uploads/2021/11/117945.jpg
950,light,https://disenosparabordar.com/wp-content/uploads/2021/11/117950.jpg
3024,light,https://disenosparabordar.com/wp-content/uploads/2021/11/1173024.jpg
3033,light,https://disenosparabordar.com/wp-content/uploads/2021/11/1173033.jpg
3047,light,https://disenosparabordar.com/wp-content/uploads/2021/11/1173047.jpg
3072,light,https://disenosparabordar.com/wp-content/uploads/2021/11/1173072.jpg
3770,light,https://disenosparabordar.com/wp-content/uploads/2021/11/1173770.jpg
3774,light,https://disenosparabordar.com/wp-content/uploads/2021/11/1173774.jpg
3782,light,https://disenosparabordar.com/wp-content/uploads/2021/11/1173782.jpg
3865,light,https://disenosparabordar.com/wp-content/uploads/2021/11/1173865.jpg
3866,light,https://disenosparabordar.com/wp-content/uploads/2021/11/1173866.jpg
B5200,light,https://disenosparabordar.com/wp-content/uploads/2021/11/117B5200.jpg
ECRU,light,https://disenosparabordar.com/wp-content/uploads/2021/11/117ECRU.jpg
28,grey,https://disenosparabordar.com/wp-content/uploads/2021/11/11728.jpg
168,grey,https://disenosparabordar.com/wp-content/uploads/2021/11/117168.jpg
169,grey,https://disenosparabordar.com/wp-content/uploads/2021/11/117169.jpg
317,grey,https://disenosparabordar.com/wp-content/uploads/2021/11/117317.jpg
318,grey,https://disenosparabordar.com/wp-content/uploads/2021/11/117318.jpg
413,grey,https://disenosparabordar.com/wp-content/uploads/2021/11/117413.jpg
414,grey,https://disenosparabordar.com/wp-content/uploads/2021/11/117414.jpg
415,grey,https://disenosparabordar.com/wp-content/uploads/2021/11/117415.jpg
03,grey,https://disenosparabordar.com/wp-content/uploads/2021/11/11703.jpg
535,grey,https://disenosparabordar.com/wp-content/uploads/2021/11/117535.jpg
04-1,grey,https://disenosparabordar.com/wp-content/uploads/2021/11/11704-1.jpg
930,grey,https://disenosparabordar.com/wp-content/uploads/2021/11/117930.jpg
3799,grey,https://disenosparabordar.com/wp-content/uploads/2021/11/1173799.jpg
150,red,https://disenosparabordar.com/wp-content/uploads/2021/11/117150.jpg
304,red,https://disenosparabordar.com/wp-content/uploads/2021/11/117304.jpg
309,red,https://disenosparabordar.com/wp-content/uploads/2021/11/117309.jpg
321,red,https://disenosparabordar.com/wp-content/uploads/2021/11/117321.jpg
326,red,https://disenosparabordar.com/wp-content/uploads/2021/11/117326.jpg
347,red,https://disenosparabordar.com/wp-content/uploads/2021/11/117347.jpg
349,red,https://disenosparabordar.com/wp-content/uploads/2021/11/117349.jpg
350,red,https://disenosparabordar.com/wp-content/uploads/2021/11/117350.jpg
356,red,https://disenosparabordar.com/wp-content/uploads/2021/11/117356.jpg
498,red,https://disenosparabordar.com/wp-content/uploads/2021/11/117498.jpg
606,red,https://disenosparabordar.com/wp-content/uploads/2021/11/117606.jpg
666,red,https://disenosparabordar.com/wp-content/uploads/2021/11/117666.jpg
777,red,https://disenosparabordar.com/wp-content/uploads/2021/11/117777.jpg
814,red,https://disenosparabordar.com/wp-content/uploads/2021/11/117814.jpg
815,red,https://disenosparabordar.com/wp-content/uploads/2021/11/117815.jpg
816,red,https://disenosparabordar.com/wp-content/uploads/2021/11/117816.jpg
817,red,https://disenosparabordar.com/wp-content/uploads/2021/11/117817.jpg
902,red,https://disenosparabordar.com/wp-content/uploads/2021/11/117902.jpg
3685,red,https://disenosparabordar.com/wp-content/uploads/2021/11/1173685.jpg
3705,red,https://disenosparabordar.com/wp-content/uploads/2021/11/1173705.jpg
3721,red,https://disenosparabordar.com/wp-content/uploads/2021/11/1173721.jpg
3777,red,https://disenosparabordar.com/wp-content/uploads/2021/11/1173777.jpg
3801,red,https://disenosparabordar.com/wp-content/uploads/2021/11/1173801.jpg
3832,red,https://disenosparabordar.com/wp-content/uploads/2021/11/1173832.jpg
20,orange,https://disenosparabordar.com/wp-content/uploads/2021/11/11720.jpg
21,orange,https://disenosparabordar.com/wp-content/uploads/2021/11/11721.jpg
22,orange,https://disenosparabordar.com/wp-content/uploads/2021/11/11722.jpg
351,orange,https://disenosparabordar.com/wp-content/uploads/2021/11/117351.jpg
352,orange,https://disenosparabordar.com/wp-content/uploads/2021/11/117352.jpg
353,orange,https://disenosparabordar.com/wp-content/uploads/2021/11/117353.jpg
402,orange,https://disenosparabordar.com/wp-content/uploads/2021/11/117402.jpg
608,orange,https://disenosparabordar.com/wp-content/uploads/2021/11/117608.jpg
720,orange,https://disenosparabordar.com/wp-content/uploads/2021/11/117720.jpg
721,orange,https://disenosparabordar.com/wp-content/uploads/2021/11/117721.jpg
722,orange,https://disenosparabordar.com/wp-content/uploads/2021/11/117722.jpg
740,orange,https://disenosparabordar.com/wp-content/uploads/2021/11/117740.jpg
741,orange,https://disenosparabordar.com/wp-content/uploads/2021/11/117741.jpg
754,orange,https://disenosparabordar.com/wp-content/uploads/2021/11/117754.jpg
758,orange,https://disenosparabordar.com/wp-content/uploads/2021/11/117758.jpg
900,orange,https://disenosparabordar.com/wp-content/uploads/2021/11/117900.jpg
922,orange,https://disenosparabordar.com/wp-content/uploads/2021/11/117922.jpg
946,orange,https://disenosparabordar.com/wp-content/uploads/2021/11/117946.jpg
947,orange,https://disenosparabordar.com/wp-content/uploads/2021/11/117947.jpg
970,orange,https://disenosparabordar.com/wp-content/uploads/2021/11/117970.jpg
3340,orange,https://disenosparabordar.com/wp-content/uploads/2021/11/1173340.jpg
3778,orange,https://disenosparabordar.com/wp-content/uploads/2021/11/1173778.jpg
3825,orange,https://disenosparabordar.com/wp-content/uploads/2021/11/1173825.jpg
3853,orange,https://disenosparabordar.com/wp-content/uploads/2021/11/1173853.jpg
3854,orange,https://disenosparabordar.com/wp-content/uploads/2021/11/1173854.jpg
3856,orange,https://disenosparabordar.com/wp-content/uploads/2021/11/1173856.jpg
17,yellow,https://disenosparabordar.com/wp-content/uploads/2021/11/11717.jpg
18,yellow,https://disenosparabordar.com/wp-content/uploads/2021/11/11718.jpg
19,yellow,https://disenosparabordar.com/wp-content/uploads/2021/11/11719.jpg
307,yellow,https://disenosparabordar.com/wp-content/uploads/2021/11/117307.jpg
11,yellow,https://disenosparabordar.com/wp-content/uploads/2021/11/11711.jpg
444,yellow,https://disenosparabordar.com/wp-content/uploads/2021/11/117444.jpg
445,yellow,https://disenosparabordar.com/wp-content/uploads/2021/11/117445.jpg
12,yellow,https://disenosparabordar.com/wp-content/uploads/2021/11/11712.jpg
677,yellow,https://disenosparabordar.com/wp-content/uploads/2021/11/117677.jpg
725,yellow,https://disenosparabordar.com/wp-content/uploads/2021/11/117725.jpg
726,yellow,https://disenosparabordar.com/wp-content/uploads/2021/11/117726.jpg
727,yellow,https://disenosparabordar.com/wp-content/uploads/2021/11/117727.jpg
728,yellow,https://disenosparabordar.com/wp-content/uploads/2021/11/117728.jpg
742,yellow,https://disenosparabordar.com/wp-content/uploads/2021/11/117742.jpg
743,yellow,https://disenosparabordar.com/wp-content/uploads/2021/11/117743.jpg
744,yellow,https://disenosparabordar.com/wp-content/uploads/2021/11/117744.jpg
745,yellow,https://disenosparabordar.com/wp-content/uploads/2021/11/117745.jpg
783,yellow,https://disenosparabordar.com/wp-content/uploads/2021/11/117783.jpg
972,yellow,https://disenosparabordar.com/wp-content/uploads/2021/11/117972.jpg
973,yellow,https://disenosparabordar.com/wp-content/uploads/2021/11/117973.jpg
3078,yellow,https://disenosparabordar.com/wp-content/uploads/2021/11/1173078.jpg
3820,yellow,https://disenosparabordar.com/wp-content/uploads/2021/11/1173820.jpg
3821,yellow,https://disenosparabordar.com/wp-content/uploads/2021/11/1173821.jpg
3822,yellow,https://disenosparabordar.com/wp-content/uploads/2021/11/1173822.jpg
3823,yellow,https://disenosparabordar.com/wp-content/uploads/2021/11/1173823.jpg
3852,yellow,https://disenosparabordar.com/wp-content/uploads/2021/11/1173852.jpg
3855,yellow,https://disenosparabordar.com/wp-content/uploads/2021/11/1173855.jpg
15,muted green,https://disenosparabordar.com/wp-content/uploads/2021/11/11715.jpg
16,muted green,https://disenosparabordar.com/wp-content/uploads/2021/11/11716.jpg
165,muted green,https://disenosparabordar.com/wp-content/uploads/2021/11/117165.jpg
166,muted green,https://disenosparabordar.com/wp-content/uploads/2021/11/117166.jpg
472,muted green,https://disenosparabordar.com/wp-content/uploads/2021/11/117472.jpg
522,muted green,https://disenosparabordar.com/wp-content/uploads/2021/11/117522.jpg
523,muted green,https://disenosparabordar.com/wp-content/uploads/2021/11/117523.jpg
524,muted green,https://disenosparabordar.com/wp-content/uploads/2021/11/117524.jpg
13,muted green,https://disenosparabordar.com/wp-content/uploads/2021/11/11713.jpg
647,muted green,https://disenosparabordar.com/wp-content/uploads/2021/11/117647.jpg
14,muted green,https://disenosparabordar.com/wp-content/uploads/2021/11/11714.jpg
730,muted green,https://disenosparabordar.com/wp-content/uploads/2021/11/117730.jpg
732,muted green,https://disenosparabordar.com/wp-content/uploads/2021/11/117732.jpg
733,muted green,https://disenosparabordar.com/wp-content/uploads/2021/11/117733.jpg
734,muted green,https://disenosparabordar.com/wp-content/uploads/2021/11/117734.jpg
3011,muted green,https://disenosparabordar.com/wp-content/uploads/2021/11/1173011.jpg
3012,muted green,https://disenosparabordar.com/wp-content/uploads/2021/11/1173012.jpg
3013,muted green,https://disenosparabordar.com/wp-content/uploads/2021/11/1173013.jpg
3022,muted green,https://disenosparabordar.com/wp-content/uploads/2021/11/1173022.jpg
3023,muted green,https://disenosparabordar.com/wp-content/uploads/2021/11/1173023.jpg
3051,muted green,https://disenosparabordar.com/wp-content/uploads/2021/11/1173051.jpg
3052,muted green,https://disenosparabordar.com/wp-content/uploads/2021/11/1173052.jpg
3053,muted green,https://disenosparabordar.com/wp-content/uploads/2021/11/1173053.jpg
3348,muted green,https://disenosparabordar.com/wp-content/uploads/2021/11/1173348.jpg
3363,muted green,https://disenosparabordar.com/wp-content/uploads/2021/11/1173363.jpg
3364,muted green,https://disenosparabordar.com/wp-content/uploads/2021/11/1173364.jpg
3816,muted green,https://disenosparabordar.com/wp-content/uploads/2021/11/1173816.jpg
3817,muted green,https://disenosparabordar.com/wp-content/uploads/2021/11/1173817.jpg
163,green,https://disenosparabordar.com/wp-content/uploads/2021/11/117163.jpg
164,green,https://disenosparabordar.com/wp-content/uploads/2021/11/117164.jpg
319,green,https://disenosparabordar.com/wp-content/uploads/2021/11/117319.jpg
320,green,https://disenosparabordar.com/wp-content/uploads/2021/11/117320.jpg
367,green,https://disenosparabordar.com/wp-content/uploads/2021/11/117367.jpg
368,green,https://disenosparabordar.com/wp-content/uploads/2021/11/117368.jpg
369,green,https://disenosparabordar.com/wp-content/uploads/2021/11/117369.jpg
469,green,https://disenosparabordar.com/wp-content/uploads/2021/11/117469.jpg
470,green,https://disenosparabordar.com/wp-content/uploads/2021/11/117470.jpg
471,green,https://disenosparabordar.com/wp-content/uploads/2021/11/117471.jpg
500,green,https://disenosparabordar.com/wp-content/uploads/2021/11/117500.jpg
503,green,https://disenosparabordar.com/wp-content/uploads/2021/11/117503.jpg
505,green,https://disenosparabordar.com/wp-content/uploads/2021/11/117505.jpg
520,green,https://disenosparabordar.com/wp-content/uploads/2021/11/117520.jpg
561,green,https://disenosparabordar.com/wp-content/uploads/2021/11/117561.jpg
562,green,https://disenosparabordar.com/wp-content/uploads/2021/11/117562.jpg
563,green,https://disenosparabordar.com/wp-content/uploads/2021/11/117563.jpg
564,green,https://disenosparabordar.com/wp-content/uploads/2021/11/117564.jpg
580,green,https://disenosparabordar.com/wp-content/uploads/2021/11/117580.jpg
581,green,https://disenosparabordar.com/wp-content/uploads/2021/11/117581.jpg
597,green,https://disenosparabordar.com/wp-content/uploads/2021/11/117597.jpg
598,green,https://disenosparabordar.com/wp-content/uploads/2021/11/117598.jpg
699,green,https://disenosparabordar.com/wp-content/uploads/2021/11/117699.jpg
700,green,https://disenosparabordar.com/wp-content/uploads/2021/11/117700.jpg
701,green,https://disenosparabordar.com/wp-content/uploads/2021/11/117701.jpg
702,green,https://disenosparabordar.com/wp-content/uploads/2021/11/117702.jpg
703,green,https://disenosparabordar.com/wp-content/uploads/2021/11/117703.jpg
704,green,https://disenosparabordar.com/wp-content/uploads/2021/11/117704.jpg
772,green,https://disenosparabordar.com/wp-content/uploads/2021/11/117772.jpg
890,green,https://disenosparabordar.com/wp-content/uploads/2021/11/117890.jpg
895,green,https://disenosparabordar.com/wp-content/uploads/2021/11/117895.jpg
904,green,https://disenosparabordar.com/wp-content/uploads/2021/11/117904.jpg
905,green,https://disenosparabordar.com/wp-content/uploads/2021/11/117905.jpg
906,green,https://disenosparabordar.com/wp-content/uploads/2021/11/117906.jpg
907,green,https://disenosparabordar.com/wp-content/uploads/2021/11/117907.jpg
909,green,https://disenosparabordar.com/wp-content/uploads/2021/11/117909.jpg
910,green,https://disenosparabordar.com/wp-content/uploads/2021/11/117910.jpg
911,green,https://disenosparabordar.com/wp-content/uploads/2021/11/117911.jpg
912,green,https://disenosparabordar.com/wp-content/uploads/2021/11/117912.jpg
913,green,https://disenosparabordar.com/wp-content/uploads/2021/11/117913.jpg
934,green,https://disenosparabordar.com/wp-content/uploads/2021/11/117934.jpg
935,green,https://disenosparabordar.com/wp-content/uploads/2021/11/117935.jpg
936,green,https://disenosparabordar.com/wp-content/uploads/2021/11/117936.jpg
937,green,https://disenosparabordar.com/wp-content/uploads/2021/11/117937.jpg
943,green,https://disenosparabordar.com/wp-content/uploads/2021/11/117943.jpg
954,green,https://disenosparabordar.com/wp-content/uploads/2021/11/117954.jpg
955,green,https://disenosparabordar.com/wp-content/uploads/2021/11/117955.jpg
958,green,https://disenosparabordar.com/wp-content/uploads/2021/11/117958.jpg
959,green,https://disenosparabordar.com/wp-content/uploads/2021/11/117959.jpg
964,green,https://disenosparabordar.com/wp-content/uploads/2021/11/117964.jpg
966,green,https://disenosparabordar.com/wp-content/uploads/2021/11/117966.jpg
986,green,https://disenosparabordar.com/wp-content/uploads/2021/11/117986.jpg
987,green,https://disenosparabordar.com/wp-content/uploads/2021/11/117987.jpg
988,green,https://disenosparabordar.com/wp-content/uploads/2021/11/117988.jpg
989,green,https://disenosparabordar.com/wp-content/uploads/2021/11/117989.jpg
991,green,https://disenosparabordar.com/wp-content/uploads/2021/11/117991.jpg
992,green,https://disenosparabordar.com/wp-content/uploads/2021/11/117992.jpg
993,green,https://disenosparabordar.com/wp-content/uploads/2021/11/117993.jpg
3345,green,https://disenosparabordar.com/wp-content/uploads/2021/11/1173345.jpg
3346,green,https://disenosparabordar.com/wp-content/uploads/2021/11/1173346.jpg
3347,green,https://disenosparabordar.com/wp-content/uploads/2021/11/1173347.jpg
3362,green,https://disenosparabordar.com/wp-content/uploads/2021/11/1173362.jpg
3766,green,https://disenosparabordar.com/wp-content/uploads/2021/11/1173766.jpg
3808,green,https://disenosparabordar.com/wp-content/uploads/2021/11/1173808.jpg
3810,green,https://disenosparabordar.com/wp-content/uploads/2021/11/1173810.jpg
3812,green,https://disenosparabordar.com/wp-content/uploads/2021/11/1173812.jpg
3814,green,https://disenosparabordar.com/wp-content/uploads/2021/11/1173814.jpg
3815,green,https://disenosparabordar.com/wp-content/uploads/2021/11/1173815.jpg
3818,green,https://disenosparabordar.com/wp-content/uploads/2021/11/1173818.jpg
3819,green,https://disenosparabordar.com/wp-content/uploads/2021/11/1173819.jpg
3847,green,https://disenosparabordar.com/wp-content/uploads/2021/11/1173847.jpg
3848,green,https://disenosparabordar.com/wp-content/uploads/2021/11/1173848.jpg
3849,green,https://disenosparabordar.com/wp-content/uploads/2021/11/1173849.jpg
3850,green,https://disenosparabordar.com/wp-content/uploads/2021/11/1173850.jpg
3851,green,https://disenosparabordar.com/wp-content/uploads/2021/11/1173851.jpg
995,teal,https://disenosparabordar.com/wp-content/uploads/2021/11/117995.jpg
996,teal,https://disenosparabordar.com/wp-content/uploads/2021/11/117996.jpg
3843,teal,https://disenosparabordar.com/wp-content/uploads/2021/11/1173843.jpg
3844,teal,https://disenosparabordar.com/wp-content/uploads/2021/11/1173844.jpg
3845,teal,https://disenosparabordar.com/wp-content/uploads/2021/11/1173845.jpg
3846,teal,https://disenosparabordar.com/wp-content/uploads/2021/11/1173846.jpg
31,blue,https://disenosparabordar.com/wp-content/uploads/2021/11/11731.jpg
32,blue,https://disenosparabordar.com/wp-content/uploads/2021/11/11732.jpg
156,blue,https://disenosparabordar.com/wp-content/uploads/2021/11/117156.jpg
157,blue,https://disenosparabordar.com/wp-content/uploads/2021/11/117157.jpg
158,blue,https://disenosparabordar.com/wp-content/uploads/2021/11/117158.jpg
159,blue,https://disenosparabordar.com/wp-content/uploads/2021/11/117159.jpg
160,blue,https://disenosparabordar.com/wp-content/uploads/2021/11/117160.jpg
161,blue,https://disenosparabordar.com/wp-content/uploads/2021/11/117161.jpg
162,blue,https://disenosparabordar.com/wp-content/uploads/2021/11/117162.jpg
311,blue,https://disenosparabordar.com/wp-content/uploads/2021/11/117311.jpg
312,blue,https://disenosparabordar.com/wp-content/uploads/2021/11/117312.jpg
322,blue,https://disenosparabordar.com/wp-content/uploads/2021/11/117322.jpg
334,blue,https://disenosparabordar.com/wp-content/uploads/2021/11/117334.jpg
336,blue,https://disenosparabordar.com/wp-content/uploads/2021/11/117336.jpg
341,blue,https://disenosparabordar.com/wp-content/uploads/2021/11/117341.jpg
501,blue,https://disenosparabordar.com/wp-content/uploads/2021/11/117501.jpg
502,blue,https://disenosparabordar.com/wp-content/uploads/2021/11/117502.jpg
517,blue,https://disenosparabordar.com/wp-content/uploads/2021/11/117517.jpg
518,blue,https://disenosparabordar.com/wp-content/uploads/2021/11/117518.jpg
519,blue,https://disenosparabordar.com/wp-content/uploads/2021/11/117519.jpg
747,blue,https://disenosparabordar.com/wp-content/uploads/2021/11/117747.jpg
775,blue,https://disenosparabordar.com/wp-content/uploads/2021/11/117775.jpg
791,blue,https://disenosparabordar.com/wp-content/uploads/2021/11/117791.jpg
792,blue,https://disenosparabordar.com/wp-content/uploads/2021/11/117792.jpg
793,blue,https://disenosparabordar.com/wp-content/uploads/2021/11/117793.jpg
794,blue,https://disenosparabordar.com/wp-content/uploads/2021/11/117794.jpg
796,blue,https://disenosparabordar.com/wp-content/uploads/2021/11/117796.jpg
797,blue,https://disenosparabordar.com/wp-content/uploads/2021/11/117797.jpg
798,blue,https://disenosparabordar.com/wp-content/uploads/2021/11/117798.jpg
799,blue,https://disenosparabordar.com/wp-content/uploads/2021/11/117799.jpg
800,blue,https://disenosparabordar.com/wp-content/uploads/2021/11/117800.jpg
803,blue,https://disenosparabordar.com/wp-content/uploads/2021/11/117803.jpg
807,blue,https://disenosparabordar.com/wp-content/uploads/2021/11/117807.jpg
809,blue,https://disenosparabordar.com/wp-content/uploads/2021/11/117809.jpg
813,blue,https://disenosparabordar.com/wp-content/uploads/2021/11/117813.jpg
820,blue,https://disenosparabordar.com/wp-content/uploads/2021/11/117820.jpg
823,blue,https://disenosparabordar.com/wp-content/uploads/2021/11/117823.jpg
824,blue,https://disenosparabordar.com/wp-content/uploads/2021/11/117824.jpg
825,blue,https://disenosparabordar.com/wp-content/uploads/2021/11/117825.jpg
826,blue,https://disenosparabordar.com/wp-content/uploads/2021/11/117826.jpg
827,blue,https://disenosparabordar.com/wp-content/uploads/2021/11/117827.jpg
828,blue,https://disenosparabordar.com/wp-content/uploads/2021/11/117828.jpg
924,blue,https://disenosparabordar.com/wp-content/uploads/2021/11/117924.jpg
926,blue,https://disenosparabordar.com/wp-content/uploads/2021/11/117926.jpg
927,blue,https://disenosparabordar.com/wp-content/uploads/2021/11/117927.jpg
928,blue,https://disenosparabordar.com/wp-content/uploads/2021/11/117928.jpg
931,blue,https://disenosparabordar.com/wp-content/uploads/2021/11/117931.jpg
932,blue,https://disenosparabordar.com/wp-content/uploads/2021/11/117932.jpg
939,blue,https://disenosparabordar.com/wp-content/uploads/2021/11/117939.jpg
3325,blue,https://disenosparabordar.com/wp-content/uploads/2021/11/1173325.jpg
3747,blue,https://disenosparabordar.com/wp-content/uploads/2021/11/1173747.jpg
3750,blue,https://disenosparabordar.com/wp-content/uploads/2021/11/1173750.jpg
3752,blue,https://disenosparabordar.com/wp-content/uploads/2021/11/1173752.jpg
3753,blue,https://disenosparabordar.com/wp-content/uploads/2021/11/1173753.jpg
3755,blue,https://disenosparabordar.com/wp-content/uploads/2021/11/1173755.jpg
3756,blue,https://disenosparabordar.com/wp-content/uploads/2021/11/1173756.jpg
3760,blue,https://disenosparabordar.com/wp-content/uploads/2021/11/1173760.jpg
3761,blue,https://disenosparabordar.com/wp-content/uploads/2021/11/1173761.jpg
3765,blue,https://disenosparabordar.com/wp-content/uploads/2021/11/1173765.jpg
3768,blue,https://disenosparabordar.com/wp-content/uploads/2021/11/1173768.jpg
3807,blue,https://disenosparabordar.com/wp-content/uploads/2021/11/1173807.jpg
3809,blue,https://disenosparabordar.com/wp-content/uploads/2021/11/1173809.jpg
3811,blue,https://disenosparabordar.com/wp-content/uploads/2021/11/1173811.jpg
3813,blue,https://disenosparabordar.com/wp-content/uploads/2021/11/1173813.jpg
3838,blue,https://disenosparabordar.com/wp-content/uploads/2021/11/1173838.jpg
3839,blue,https://disenosparabordar.com/wp-content/uploads/2021/11/1173839.jpg
3840,blue,https://disenosparabordar.com/wp-content/uploads/2021/11/1173840.jpg
3841,blue,https://disenosparabordar.com/wp-content/uploads/2021/11/1173841.jpg
3842,blue,https://disenosparabordar.com/wp-content/uploads/2021/11/1173842.jpg
24,purple,https://disenosparabordar.com/wp-content/uploads/2021/11/11724.jpg
25,purple,https://disenosparabordar.com/wp-content/uploads/2021/11/11725.jpg
26,purple,https://disenosparabordar.com/wp-content/uploads/2021/11/11726.jpg
29,purple,https://disenosparabordar.com/wp-content/uploads/2021/11/11729.jpg
30,purple,https://disenosparabordar.com/wp-content/uploads/2021/11/11730.jpg
33,purple,https://disenosparabordar.com/wp-content/uploads/2021/11/11733.jpg
34,purple,https://disenosparabordar.com/wp-content/uploads/2021/11/11734.jpg
35,purple,https://disenosparabordar.com/wp-content/uploads/2021/11/11735.jpg
153,purple,https://disenosparabordar.com/wp-content/uploads/2021/11/117153.jpg
154,purple,https://disenosparabordar.com/wp-content/uploads/2021/11/117154.jpg
155,purple,https://disenosparabordar.com/wp-content/uploads/2021/11/117155.jpg
208,purple,https://disenosparabordar.com/wp-content/uploads/2021/11/117208.jpg
209,purple,https://disenosparabordar.com/wp-content/uploads/2021/11/117209.jpg
210,purple,https://disenosparabordar.com/wp-content/uploads/2021/11/117210.jpg
211,purple,https://disenosparabordar.com/wp-content/uploads/2021/11/117211.jpg
315,purple,https://disenosparabordar.com/wp-content/uploads/2021/11/117315.jpg
316,purple,https://disenosparabordar.com/wp-content/uploads/2021/11/117316.jpg
327,purple,https://disenosparabordar.com/wp-content/uploads/2021/11/117327.jpg
333,purple,https://disenosparabordar.com/wp-content/uploads/2021/11/117333.jpg
340,purple,https://disenosparabordar.com/wp-content/uploads/2021/11/117340.jpg
452,purple,https://disenosparabordar.com/wp-content/uploads/2021/11/117452.jpg
550,purple,https://disenosparabordar.com/wp-content/uploads/2021/11/117550.jpg
552,purple,https://disenosparabordar.com/wp-content/uploads/2021/11/117552.jpg
553,purple,https://disenosparabordar.com/wp-content/uploads/2021/11/117553.jpg
554,purple,https://disenosparabordar.com/wp-content/uploads/2021/11/117554.jpg
779,purple,https://disenosparabordar.com/wp-content/uploads/2021/11/117779.jpg
915,purple,https://disenosparabordar.com/wp-content/uploads/2021/11/117915.jpg
917,purple,https://disenosparabordar.com/wp-content/uploads/2021/11/117917.jpg
3041,purple,https://disenosparabordar.com/wp-content/uploads/2021/11/1173041.jpg
3042,purple,https://disenosparabordar.com/wp-content/uploads/2021/11/1173042.jpg
3740,purple,https://disenosparabordar.com/wp-content/uploads/2021/11/1173740.jpg
3743,purple,https://disenosparabordar.com/wp-content/uploads/2021/11/1173743.jpg
3746,purple,https://disenosparabordar.com/wp-content/uploads/2021/11/1173746.jpg
3802,purple,https://disenosparabordar.com/wp-content/uploads/2021/11/1173802.jpg
3834,purple,https://disenosparabordar.com/wp-content/uploads/2021/11/1173834.jpg
3835,purple,https://disenosparabordar.com/wp-content/uploads/2021/11/1173835.jpg
3836,purple,https://disenosparabordar.com/wp-content/uploads/2021/11/1173836.jpg
3837,purple,https://disenosparabordar.com/wp-content/uploads/2021/11/1173837.jpg
23,pink,https://disenosparabordar.com/wp-content/uploads/2021/11/11723.jpg
151,pink,https://disenosparabordar.com/wp-content/uploads/2021/11/117151.jpg
152,pink,https://disenosparabordar.com/wp-content/uploads/2021/11/117152.jpg
223,pink,https://disenosparabordar.com/wp-content/uploads/2021/11/117223.jpg
224,pink,https://disenosparabordar.com/wp-content/uploads/2021/11/117224.jpg
225,pink,https://disenosparabordar.com/wp-content/uploads/2021/11/117225.jpg
335,pink,https://disenosparabordar.com/wp-content/uploads/2021/11/117335.jpg
600,pink,https://disenosparabordar.com/wp-content/uploads/2021/11/117600.jpg
601,pink,https://disenosparabordar.com/wp-content/uploads/2021/11/117601.jpg
602,pink,https://disenosparabordar.com/wp-content/uploads/2021/11/117602.jpg
603,pink,https://disenosparabordar.com/wp-content/uploads/2021/11/117603.jpg
604,pink,https://disenosparabordar.com/wp-content/uploads/2021/11/117604.jpg
605,pink,https://disenosparabordar.com/wp-content/uploads/2021/11/117605.jpg
718,pink,https://disenosparabordar.com/wp-content/uploads/2021/11/117718.jpg
760,pink,https://disenosparabordar.com/wp-content/uploads/2021/11/117760.jpg
761,pink,https://disenosparabordar.com/wp-content/uploads/2021/11/117761.jpg
778,pink,https://disenosparabordar.com/wp-content/uploads/2021/11/117778.jpg
818,pink,https://disenosparabordar.com/wp-content/uploads/2021/11/117818.jpg
819,pink,https://disenosparabordar.com/wp-content/uploads/2021/11/117819.jpg
891,pink,https://disenosparabordar.com/wp-content/uploads/2021/11/117891.jpg
892,pink,https://disenosparabordar.com/wp-content/uploads/2021/11/117892.jpg
893,pink,https://disenosparabordar.com/wp-content/uploads/2021/11/117893.jpg
894,pink,https://disenosparabordar.com/wp-content/uploads/2021/11/117894.jpg
899,pink,https://disenosparabordar.com/wp-content/uploads/2021/11/117899.jpg
948,pink,https://disenosparabordar.com/wp-content/uploads/2021/11/117948.jpg
951,pink,https://disenosparabordar.com/wp-content/uploads/2021/11/117951.jpg
956,pink,https://disenosparabordar.com/wp-content/uploads/2021/11/117956.jpg
957,pink,https://disenosparabordar.com/wp-content/uploads/2021/11/117957.jpg
961,pink,https://disenosparabordar.com/wp-content/uploads/2021/11/117961.jpg
962,pink,https://disenosparabordar.com/wp-content/uploads/2021/11/117962.jpg
963,pink,https://disenosparabordar.com/wp-content/uploads/2021/11/117963.jpg
967,pink,https://disenosparabordar.com/wp-content/uploads/2021/11/117967.jpg
3326,pink,https://disenosparabordar.com/wp-content/uploads/2021/11/1173326.jpg
3328,pink,https://disenosparabordar.com/wp-content/uploads/2021/11/1173328.jpg
3341,pink,https://disenosparabordar.com/wp-content/uploads/2021/11/1173341.jpg
3350,pink,https://disenosparabordar.com/wp-content/uploads/2021/11/1173350.jpg
3354,pink,https://disenosparabordar.com/wp-content/uploads/2021/11/1173354.jpg
3607,pink,https://disenosparabordar.com/wp-content/uploads/2021/11/1173607.jpg
3608,pink,https://disenosparabordar.com/wp-content/uploads/2021/11/1173608.jpg
3609,pink,https://disenosparabordar.com/wp-content/uploads/2021/11/1173609.jpg
3687,pink,https://disenosparabordar.com/wp-content/uploads/2021/11/1173687.jpg
3688,pink,https://disenosparabordar.com/wp-content/uploads/2021/11/1173688.jpg
3689,pink,https://disenosparabordar.com/wp-content/uploads/2021/11/1173689.jpg
3706,pink,https://disenosparabordar.com/wp-content/uploads/2021/11/1173706.jpg
3708,pink,https://disenosparabordar.com/wp-content/uploads/2021/11/1173708.jpg
3712,pink,https://disenosparabordar.com/wp-content/uploads/2021/11/1173712.jpg
3713,pink,https://disenosparabordar.com/wp-content/uploads/2021/11/1173713.jpg
3716,pink,https://disenosparabordar.com/wp-content/uploads/2021/11/1173716.jpg
3722,pink,https://disenosparabordar.com/wp-content/uploads/2021/11/1173722.jpg
3727,pink,https://disenosparabordar.com/wp-content/uploads/2021/11/1173727.jpg
3731,pink,https://disenosparabordar.com/wp-content/uploads/2021/11/1173731.jpg
3733,pink,https://disenosparabordar.com/wp-content/uploads/2021/11/1173733.jpg
3771,pink,https://disenosparabordar.com/wp-content/uploads/2021/11/1173771.jpg
3779,pink,https://disenosparabordar.com/wp-content/uploads/2021/11/1173779.jpg
3803,pink,https://disenosparabordar.com/wp-content/uploads/2021/11/1173803.jpg
3804,pink,https://disenosparabordar.com/wp-content/uploads/2021/11/1173804.jpg
3805,pink,https://disenosparabordar.com/wp-content/uploads/2021/11/1173805.jpg
3806,pink,https://disenosparabordar.com/wp-content/uploads/2021/11/1173806.jpg
3824,pink,https://disenosparabordar.com/wp-content/uploads/2021/11/1173824.jpg
3831,pink,https://disenosparabordar.com/wp-content/uploads/2021/11/1173831.jpg
3833,pink,https://disenosparabordar.com/wp-content/uploads/2021/11/1173833.jpg
06,brown,https://disenosparabordar.com/wp-content/uploads/2021/11/11706.jpg
07,brown,https://disenosparabordar.com/wp-content/uploads/2021/11/11707.jpg
08,brown,https://disenosparabordar.com/wp-content/uploads/2021/11/11708.jpg
167,brown,https://disenosparabordar.com/wp-content/uploads/2021/11/117167.jpg
221,brown,https://disenosparabordar.com/wp-content/uploads/2021/11/117221.jpg
300,brown,https://disenosparabordar.com/wp-content/uploads/2021/11/117300.jpg
301,brown,https://disenosparabordar.com/wp-content/uploads/2021/11/117301.jpg
09,brown,https://disenosparabordar.com/wp-content/uploads/2021/11/11709.jpg
355,brown,https://disenosparabordar.com/wp-content/uploads/2021/11/117355.jpg
370,brown,https://disenosparabordar.com/wp-content/uploads/2021/11/117370.jpg
371,brown,https://disenosparabordar.com/wp-content/uploads/2021/11/117371.jpg
372,brown,https://disenosparabordar.com/wp-content/uploads/2021/11/117372.jpg
400,brown,https://disenosparabordar.com/wp-content/uploads/2021/11/117400.jpg
407,brown,https://disenosparabordar.com/wp-content/uploads/2021/11/117407.jpg
420,brown,https://disenosparabordar.com/wp-content/uploads/2021/11/117420.jpg
422,brown,https://disenosparabordar.com/wp-content/uploads/2021/11/117422.jpg
433,brown,https://disenosparabordar.com/wp-content/uploads/2021/11/117433.jpg
434,brown,https://disenosparabordar.com/wp-content/uploads/2021/11/117434.jpg
435,brown,https://disenosparabordar.com/wp-content/uploads/2021/11/117435.jpg
436,brown,https://disenosparabordar.com/wp-content/uploads/2021/11/117436.jpg
437,brown,https://disenosparabordar.com/wp-content/uploads/2021/11/117437.jpg
451,brown,https://disenosparabordar.com/wp-content/uploads/2021/11/117451.jpg
610,brown,https://disenosparabordar.com/wp-content/uploads/2021/11/117610.jpg
611,brown,https://disenosparabordar.com/wp-content/uploads/2021/11/117611.jpg
612,brown,https://disenosparabordar.com/wp-content/uploads/2021/11/117612.jpg
632,brown,https://disenosparabordar.com/wp-content/uploads/2021/11/117632.jpg
640,brown,https://disenosparabordar.com/wp-content/uploads/2021/11/117640.jpg
642,brown,https://disenosparabordar.com/wp-content/uploads/2021/11/117642.jpg
05,brown,https://disenosparabordar.com/wp-content/uploads/2021/11/11705.jpg
645,brown,https://disenosparabordar.com/wp-content/uploads/2021/11/117645.jpg
646,brown,https://disenosparabordar.com/wp-content/uploads/2021/11/117646.jpg
676,brown,https://disenosparabordar.com/wp-content/uploads/2021/11/117676.jpg
680,brown,https://disenosparabordar.com/wp-content/uploads/2021/11/117680.jpg
729,brown,https://disenosparabordar.com/wp-content/uploads/2021/11/117729.jpg
780,brown,https://disenosparabordar.com/wp-content/uploads/2021/11/117780.jpg
782,brown,https://disenosparabordar.com/wp-content/uploads/2021/11/117782.jpg
801,brown,https://disenosparabordar.com/wp-content/uploads/2021/11/117801.jpg
829,brown,https://disenosparabordar.com/wp-content/uploads/2021/11/117829.jpg
830,brown,https://disenosparabordar.com/wp-content/uploads/2021/11/117830.jpg
831,brown,https://disenosparabordar.com/wp-content/uploads/2021/11/117831.jpg
832,brown,https://disenosparabordar.com/wp-content/uploads/2021/11/117832.jpg
833,brown,https://disenosparabordar.com/wp-content/uploads/2021/11/117833.jpg
834,brown,https://disenosparabordar.com/wp-content/uploads/2021/11/117834.jpg
838,brown,https://disenosparabordar.com/wp-content/uploads/2021/11/117838.jpg
839,brown,https://disenosparabordar.com/wp-content/uploads/2021/11/117839.jpg
840,brown,https://disenosparabordar.com/wp-content/uploads/2021/11/117840.jpg
841,brown,https://disenosparabordar.com/wp-content/uploads/2021/11/117841.jpg
844,brown,https://disenosparabordar.com/wp-content/uploads/2021/11/117844.jpg
869,brown,https://disenosparabordar.com/wp-content/uploads/2021/11/117869.jpg
898,brown,https://disenosparabordar.com/wp-content/uploads/2021/11/117898.jpg
918,brown,https://disenosparabordar.com/wp-content/uploads/2021/11/117918.jpg
919,brown,https://disenosparabordar.com/wp-content/uploads/2021/11/117919.jpg
920,brown,https://disenosparabordar.com/wp-content/uploads/2021/11/117920.jpg
921,brown,https://disenosparabordar.com/wp-content/uploads/2021/11/117921.jpg
938,brown,https://disenosparabordar.com/wp-content/uploads/2021/11/117938.jpg
975,brown,https://disenosparabordar.com/wp-content/uploads/2021/11/117975.jpg
976,brown,https://disenosparabordar.com/wp-content/uploads/2021/11/117976.jpg
977,brown,https://disenosparabordar.com/wp-content/uploads/2021/11/117977.jpg
3021,brown,https://disenosparabordar.com/wp-content/uploads/2021/11/1173021.jpg
3031,brown,https://disenosparabordar.com/wp-content/uploads/2021/11/1173031.jpg
3032,brown,https://disenosparabordar.com/wp-content/uploads/2021/11/1173032.jpg
3045,brown,https://disenosparabordar.com/wp-content/uploads/2021/11/1173045.jpg
3046,brown,https://disenosparabordar.com/wp-content/uploads/2021/11/1173046.jpg
3064,brown,https://disenosparabordar.com/wp-content/uploads/2021/11/1173064.jpg
3371,brown,https://disenosparabordar.com/wp-content/uploads/2021/11/1173371.jpg
3726,brown,https://disenosparabordar.com/wp-content/uploads/2021/11/1173726.jpg
3772,brown,https://disenosparabordar.com/wp-content/uploads/2021/11/1173772.jpg
3776,brown,https://disenosparabordar.com/wp-content/uploads/2021/11/1173776.jpg
3781,brown,https://disenosparabordar.com/wp-content/uploads/2021/11/1173781.jpg
3787,brown,https://disenosparabordar.com/wp-content/uploads/2021/11/1173787.jpg
3790,brown,https://disenosparabordar.com/wp-content/uploads/2021/11/1173790.jpg
3826,brown,https://disenosparabordar.com/wp-content/uploads/2021/11/1173826.jpg
3827,brown,https://disenosparabordar.com/wp-content/uploads/2021/11/1173827.jpg
3828,brown,https://disenosparabordar.com/wp-content/uploads/2021/11/1173828.jpg
3829,brown,https://disenosparabordar.com/wp-content/uploads/2021/11/1173829.jpg
3830,brown,https://disenosparabordar.com/wp-content/uploads/2021/11/1173830.jpg
3857,brown,https://disenosparabordar.com/wp-content/uploads/2021/11/1173857.jpg
3858,brown,https://disenosparabordar.com/wp-content/uploads/2021/11/1173858.jpg
3859,brown,https://disenosparabordar.com/wp-content/uploads/2021/11/1173859.jpg
3860,brown,https://disenosparabordar.com/wp-content/uploads/2021/11/1173860.jpg
3861,brown,https://disenosparabordar.com/wp-content/uploads/2021/11/1173861.jpg
3862,brown,https://disenosparabordar.com/wp-content/uploads/2021/11/1173862.jpg
3863,brown,https://disenosparabordar.com/wp-content/uploads/2021/11/1173863.jpg
3864,brown,https://disenosparabordar.com/wp-content/uploads/2021/11/1173864.jpg
48,mixed,https://disenosparabordar.com/wp-content/uploads/2021/11/11748.jpg
51,mixed,https://disenosparabordar.com/wp-content/uploads/2021/11/11751.jpg
52,mixed,https://disenosparabordar.com/wp-content/uploads/2021/11/11752.jpg
53,mixed,https://disenosparabordar.com/wp-content/uploads/2021/11/11753.jpg
67,mixed,https://disenosparabordar.com/wp-content/uploads/2021/11/11767.jpg
69,mixed,https://disenosparabordar.com/wp-content/uploads/2021/11/11769.jpg
90,mixed,https://disenosparabordar.com/wp-content/uploads/2021/11/11790.jpg
92,mixed,https://disenosparabordar.com/wp-content/uploads/2021/11/11792.jpg
93,mixed,https://disenosparabordar.com/wp-content/uploads/2021/11/11793.jpg
94,mixed,https://disenosparabordar.com/wp-content/uploads/2021/11/11794.jpg
99,mixed,https://disenosparabordar.com/wp-content/uploads/2021/11/11799.jpg
105,mixed,https://disenosparabordar.com/wp-content/uploads/2021/11/117105.jpg
106,mixed,https://disenosparabordar.com/wp-content/uploads/2021/11/117106.jpg
107,mixed,https://disenosparabordar.com/wp-content/uploads/2021/11/117107.jpg
111,mixed,https://disenosparabordar.com/wp-content/uploads/2021/11/117111.jpg
115,mixed,https://disenosparabordar.com/wp-content/uploads/2021/11/117115.jpg
121,mixed,https://disenosparabordar.com/wp-content/uploads/2021/11/117121.jpg
125,mixed,https://disenosparabordar.com/wp-content/uploads/2021/11/117125.jpg
310,dark,https://disenosparabordar.com/wp-content/uploads/2021/11/117310.jpg
